Step,Loss,BER
1,0.1022334173321724,0.02119000069797039,0.1494709700345993,0.042980000376701355
2,0.06850210577249527,0.009069999679923058,0.1061474084854126,0.024059999734163284
3,0.055900245904922485,0.005080000031739473,0.09054364264011383,0.018719999119639397
4,0.05232580751180649,0.004449999891221523,0.08315745741128922,0.015990000218153
5,0.0477684885263443,0.0031500000040978193,0.07478006184101105,0.013419999741017818
6,0.04544982686638832,0.002689999993890524,0.06872223317623138,0.011509999632835388
7,0.04227323830127716,0.002369999885559082,0.06378214061260223,0.009949999861419201
8,0.041112110018730164,0.00215999991632998,0.058402642607688904,0.008659999817609787
9,0.03911733999848366,0.0018899999558925629,0.0578705295920372,0.008550000376999378
10,0.0382402278482914,0.002139999996870756,0.05489257350564003,0.00795000046491623
11,0.035839859396219254,0.0017800000496208668,0.051977917551994324,0.007540000136941671
12,0.034475177526474,0.0016899999463930726,0.049886442720890045,0.006930000148713589
13,0.03291308134794235,0.001339999958872795,0.04736557602882385,0.0067900000140070915
14,0.030956070870161057,0.001019999966956675,0.046346381306648254,0.0065899998880922794
15,0.02945701964199543,0.0008800000068731606,0.04470842331647873,0.006089999806135893
16,0.027809806168079376,0.0009299999801442027,0.04130515828728676,0.005530000198632479
17,0.026879653334617615,0.0010600000387057662,0.041685283184051514,0.005979999899864197
18,0.0253125112503767,0.0008099999977275729,0.03855370730161667,0.005280000157654285
19,0.02435724437236786,0.0007099999929778278,0.03943014144897461,0.005609999876469374
20,0.023187924176454544,0.0007300000288523734,0.03531469404697418,0.00482999999076128
21,0.022046325728297234,0.0006699999794363976,0.0354117825627327,0.005249999929219484
22,0.0208194088190794,0.0006799999973736703,0.03318782150745392,0.004610000178217888
23,0.020118480548262596,0.0007699999841861427,0.031379468739032745,0.004430000204592943
24,0.018595445901155472,0.0006500000017695129,0.030740709975361824,0.004600000102072954
25,0.01728297956287861,0.0004799999878741801,0.02737358957529068,0.003719999920576811
26,0.01643560267984867,0.0005000000237487257,0.028018679469823837,0.004240000154823065
27,0.015276927500963211,0.00033999999868683517,0.024651851505041122,0.003539999946951866
28,0.014149161987006664,0.00033000000985339284,0.023863740265369415,0.0031500000040978193
29,0.013307779096066952,0.00039999998989515007,0.02444968745112419,0.0037700000684708357
30,0.0126228928565979,0.0003600000054575503,0.023081455379724503,0.0037899999879300594
31,0.012065070681273937,0.00044999999227002263,0.01976499892771244,0.0030900000128895044
32,0.011059172451496124,0.0002800000074785203,0.019914966076612473,0.0032999999821186066
33,0.010293016210198402,0.0002699999895412475,0.0189732126891613,0.0031399999279528856
34,0.009886233136057854,0.0003100000030826777,0.018781907856464386,0.0030900000128895044
35,0.009116798639297485,0.00031999999191612005,0.017183739691972733,0.002959999954327941
36,0.008373347111046314,0.00019999999494757503,0.015780068933963776,0.0026199999265372753
37,0.007988182827830315,0.0002500000118743628,0.01564433053135872,0.002839999971911311
38,0.0077963764779269695,0.0002800000074785203,0.014478654600679874,0.0026000000070780516
39,0.006954466924071312,0.00022000000171829015,0.013188283890485764,0.0020800000056624413
40,0.0065620215609669685,0.00016999999934341758,0.013892057351768017,0.0025500000920146704
41,0.006360222585499287,0.00019999999494757503,0.014453832060098648,0.0027699999045580626
42,0.005809128284454346,0.00018000000272877514,0.012386920861899853,0.0022100000642240047
43,0.005744827911257744,0.00026000000070780516,0.011880024336278439,0.0022700000554323196
44,0.0051667760126292706,0.00016999999934341758,0.011702045798301697,0.002219999907538295
45,0.005317745264619589,0.0002699999895412475,0.0120628010481596,0.0022700000554323196
46,0.004535049665719271,9.000000136438757e-05,0.010571172460913658,0.00215000007301569
47,0.0044571273028850555,0.00014000000373926014,0.01077453512698412,0.00215000007301569
48,0.004214221611618996,0.0001500000071246177,0.008987611159682274,0.0017900000093504786
49,0.0038893921300768852,9.999999747378752e-05,0.00908685103058815,0.0016899999463930726
50,0.0037794006057083607,9.999999747378752e-05,0.010860069654881954,0.0023900000378489494
51,0.0035928243305534124,0.00011999999696854502,0.007799495942890644,0.0015800000401213765
52,0.0038378979079425335,0.00022000000171829015,0.008527969010174274,0.0019099999917671084
53,0.0031106476671993732,7.999999797903001e-05,0.008762928657233715,0.0019000000320374966
54,0.0031774132512509823,0.00011999999696854502,0.007619641721248627,0.0017399999778717756
55,0.0031234074849635363,0.00018000000272877514,0.007673133164644241,0.0019000000320374966
56,0.002652448369190097,4.999999873689376e-05,0.010032576508820057,0.0024300001095980406
57,0.0025923713110387325,7.999999797903001e-05,0.008830821141600609,0.00203999993391335
58,0.0024688965640962124,0.00011000000085914508,0.007195041514933109,0.0016899999463930726
59,0.002412996953353286,7.999999797903001e-05,0.00768490694463253,0.0018899999558925629
60,0.0025992230512201786,0.00018000000272877514,0.006855301093310118,0.0015899999998509884
61,0.002155061811208725,9.000000136438757e-05,0.006314111407846212,0.0014400000218302011
62,0.0020778339821845293,9.999999747378752e-05,0.005923148710280657,0.0014700000174343586
63,0.0019705251324921846,9.999999747378752e-05,0.006623956840485334,0.0017300000181421638
64,0.00209452910348773,0.00015999999595806003,0.006300380453467369,0.0016499999910593033
65,0.001838326221331954,0.00016999999934341758,0.006447743158787489,0.0017399999778717756
66,0.0018360124668106437,0.00015999999595806003,0.005544670857489109,0.0012499999720603228
67,0.0016595995984971523,0.00014000000373926014,0.00635848892852664,0.0016199999954551458
68,0.0015229881973937154,9.000000136438757e-05,0.006049789488315582,0.00171999994199723
69,0.001381209585815668,2.9999999242136255e-05,0.0048119788989424706,0.0012000000569969416
70,0.0012972030090168118,0.0,0.004962458740919828,0.001449999981559813
71,0.0013628194574266672,0.00013000000035390258,0.005016096867620945,0.0014100000262260437
72,0.001430765725672245,0.0001500000071246177,0.006107357330620289,0.0017099999822676182
73,0.0011896091746166348,3.9999998989515007e-05,0.006079640705138445,0.0016199999954551458
74,0.0011026669526472688,1.9999999494757503e-05,0.005012931302189827,0.0011899999808520079
75,0.001156154670752585,7.999999797903001e-05,0.005554739385843277,0.0014600000577047467
76,0.0011336517054587603,7.999999797903001e-05,0.004827806726098061,0.0013500000350177288
77,0.0009688415448181331,9.999999747378752e-06,0.004797618370503187,0.001339999958872795
78,0.0011470203753560781,9.000000136438757e-05,0.0037170867435634136,0.000910000002477318
79,0.0008971102652139962,1.9999999494757503e-05,0.005701548885554075,0.0015300000086426735
80,0.0011036127107217908,0.00011000000085914508,0.0037654307670891285,0.0009699999936856329
81,0.0008391066803596914,2.9999999242136255e-05,0.004718933254480362,0.0014199999859556556
82,0.0011211466044187546,0.00014000000373926014,0.004522356204688549,0.0013099999632686377
83,0.0009929086081683636,0.00011000000085914508,0.004553865175694227,0.0013000000035390258
84,0.0010989608708769083,0.0001500000071246177,0.00460667721927166,0.0012499999720603228
85,0.0007834413554519415,2.9999999242136255e-05,0.0047670952044427395,0.001290000043809414
86,0.0009298325749114156,9.000000136438757e-05,0.004448723513633013,0.0013599999947473407
87,0.0007436166633851826,2.9999999242136255e-05,0.005194033030420542,0.0015800000401213765
88,0.0009074622066691518,7.000000186963007e-05,0.00382258091121912,0.00107999995816499
89,0.000852075987495482,7.999999797903001e-05,0.004787381738424301,0.0011699999449774623
90,0.000803754199296236,4.999999873689376e-05,0.00395662896335125,0.0011099999537691474
91,0.00074168317951262,4.999999873689376e-05,0.0038411670830100775,0.0011099999537691474
92,0.0009592105634510517,0.00013000000035390258,0.004824142437428236,0.0013800000306218863
93,0.0007597889052703977,7.999999797903001e-05,0.004579747561365366,0.0012799999676644802
94,0.0007621193071827292,7.000000186963007e-05,0.0035563039127737284,0.0010999999940395355
95,0.000770686543546617,0.00011000000085914508,0.0036814494524151087,0.0009899999713525176
96,0.0006265681004151702,7.000000186963007e-05,0.004451775923371315,0.0014799999771639705
97,0.0007760237203910947,0.00015999999595806003,0.005023811478167772,0.0016799999866634607
98,0.0006924818735569715,7.999999797903001e-05,0.004357950296252966,0.0012199999764561653
99,0.0005949109909124672,7.000000186963007e-05,0.004433722235262394,0.0013000000035390258
100,0.0005808488931506872,4.999999873689376e-05,0.0035496053751558065,0.0011699999449774623
101,0.0005824166582897305,2.9999999242136255e-05,0.003942554350942373,0.0011599999852478504
102,0.0006163762882351875,0.00011000000085914508,0.004667682107537985,0.0013599999947473407
103,0.000675218878313899,0.00013000000035390258,0.004269864875823259,0.0014100000262260437
104,0.0004700662102550268,1.9999999494757503e-05,0.0034521191846579313,0.0010999999940395355
105,0.0006789505714550614,0.00011000000085914508,0.005320837255567312,0.0016499999910593033
106,0.0004708147025667131,3.9999998989515007e-05,0.003970808815211058,0.0011500000255182385
107,0.0007076651672832668,0.00019999999494757503,0.0033974256366491318,0.00107999995816499
108,0.0006075346609577537,0.00014000000373926014,0.0025711737107485533,0.0007800000021234155
109,0.00043776349048130214,2.9999999242136255e-05,0.0047057378105819225,0.0012499999720603228
110,0.0004179532697889954,4.999999873689376e-05,0.004040982108563185,0.0012799999676644802
111,0.0005555222742259502,0.00013000000035390258,0.003704276867210865,0.0012199999764561653
112,0.0004908891278319061,3.9999998989515007e-05,0.00412767194211483,0.0013599999947473407
113,0.0005457186489365995,7.999999797903001e-05,0.004419800825417042,0.0014700000174343586
114,0.0007060215575620532,0.00013000000035390258,0.0030121570453047752,0.0009500000160187483
115,0.0005491617484949529,9.999999747378752e-05,0.0042810505256056786,0.0013699999544769526
116,0.00046492571709677577,5.999999848427251e-05,0.0040448931977152824,0.0013200000394135714
117,0.0004777158610522747,7.999999797903001e-05,0.003595327492803335,0.0010600000387057662
118,0.0004681851132772863,4.999999873689376e-05,0.0038477492053061724,0.0012000000569969416
119,0.0005984443705528975,9.999999747378752e-05,0.0032935950439423323,0.0011599999852478504
120,0.00048095552483573556,7.000000186963007e-05,0.0038204181473702192,0.0010300000431016088
121,0.0004426710365805775,4.999999873689376e-05,0.004113670438528061,0.0014600000577047467
122,0.0004747179918922484,9.999999747378752e-05,0.004173584748059511,0.0013200000394135714
123,0.0003724510897882283,9.999999747378752e-06,0.0035402625799179077,0.0012700000079348683
124,0.0003584672522265464,1.9999999494757503e-05,0.004195903893560171,0.0012199999764561653
125,0.0005218878504820168,4.999999873689376e-05,0.0038302524480968714,0.0010999999940395355
126,0.0005975018138997257,0.00011999999696854502,0.0032373685389757156,0.0010300000431016088
127,0.0005835068295709789,0.00011000000085914508,0.004349243827164173,0.0013500000350177288
128,0.000499438145197928,9.000000136438757e-05,0.0035530803725123405,0.0011699999449774623
129,0.0004800267342943698,7.000000186963007e-05,0.0040374682284891605,0.001290000043809414
130,0.0005334193119779229,5.999999848427251e-05,0.004093557596206665,0.0012000000569969416
131,0.0005109871854074299,5.999999848427251e-05,0.004001371096819639,0.0012700000079348683
132,0.0005114160594530404,9.999999747378752e-05,0.004620535299181938,0.0013899999903514981
133,0.00044869750854559243,7.000000186963007e-05,0.004767235368490219,0.0015399999683722854
134,0.0005222429754212499,0.00011000000085914508,0.0039355577901005745,0.001290000043809414
135,0.0005426221177913249,9.999999747378752e-05,0.00431499257683754,0.0015699999639764428
136,0.00037233985494822264,4.999999873689376e-05,0.004568284377455711,0.0014900000533089042
137,0.0005652995314449072,9.000000136438757e-05,0.0034392846282571554,0.0012600000482052565
138,0.00029644917231053114,2.9999999242136255e-05,0.0031973496079444885,0.0010300000431016088
139,0.00036907370667904615,5.999999848427251e-05,0.0031885283533483744,0.0009800000116229057
140,0.0002886811853386462,3.9999998989515007e-05,0.0033294910099357367,0.0010499999625608325
141,0.0003817182150669396,4.999999873689376e-05,0.0047108931466937065,0.0015899999998509884
142,0.0002624751068651676,4.999999873689376e-05,0.003192076226696372,0.00107999995816499
143,0.0003571169509086758,5.999999848427251e-05,0.0035448467824608088,0.001180000021122396
144,0.00035782012855634093,5.999999848427251e-05,0.0039026818703860044,0.0013099999632686377
145,0.0004977678181603551,0.00013000000035390258,0.004545087926089764,0.0014199999859556556
146,0.0006729468004778028,0.00019999999494757503,0.0035528955049812794,0.0011399999493733048
147,0.0002503790019545704,0.0,0.0033140722662210464,0.001069999998435378
148,0.00032803398789837956,7.000000186963007e-05,0.002936683362349868,0.0010900000343099236
149,0.00027643138309940696,4.999999873689376e-05,0.004394159186631441,0.0013800000306218863
150,0.00025049984105862677,1.9999999494757503e-05,0.003620066912844777,0.0011599999852478504
151,0.00037994119338691235,9.999999747378752e-05,0.0036017291713505983,0.0012100000167265534
152,0.00033926113974303007,4.999999873689376e-05,0.0033690263517200947,0.001019999966956675
153,0.0005740330088883638,0.00013000000035390258,0.003372128354385495,0.0012700000079348683
154,0.00030557886930182576,3.9999998989515007e-05,0.003945281263440847,0.001230000052601099
155,0.00030696141766384244,1.9999999494757503e-05,0.003259244840592146,0.0011099999537691474
156,0.00040061373147182167,0.00011999999696854502,0.003656820859760046,0.0012400000123307109
157,0.0003075905842706561,1.9999999494757503e-05,0.0032185434829443693,0.0011099999537691474
158,0.00031528418185189366,4.999999873689376e-05,0.0032538408413529396,0.001120000029914081
159,0.0004013779107481241,0.00013000000035390258,0.00387735478579998,0.0014199999859556556
160,0.00035187514731660485,7.000000186963007e-05,0.0037528262473642826,0.0011099999537691474
161,0.00031023728661239147,5.999999848427251e-05,0.003309103660285473,0.0011399999493733048
162,0.0004830831312574446,0.00015999999595806003,0.0033476862590759993,0.0009699999936856329
163,0.0004064410168211907,7.000000186963007e-05,0.0038560673128813505,0.0011399999493733048
164,0.000564610818400979,9.999999747378752e-05,0.003343445248901844,0.001069999998435378
165,0.0003808243200182915,9.000000136438757e-05,0.004053619224578142,0.0013699999544769526
166,0.00035972922341898084,5.999999848427251e-05,0.004059423226863146,0.0013599999947473407
167,0.00040015316335484385,7.999999797903001e-05,0.004436154384166002,0.00139999995008111
168,0.00032524409471079707,3.9999998989515007e-05,0.004249796736985445,0.001509999972768128
169,0.00041656300891190767,0.00011000000085914508,0.004192585591226816,0.0012799999676644802
170,0.00029797013849020004,2.9999999242136255e-05,0.004303706344217062,0.0013899999903514981
171,0.00037363130832090974,5.999999848427251e-05,0.004247408825904131,0.00139999995008111
172,0.00032653126982040703,9.000000136438757e-05,0.00348493829369545,0.0012799999676644802
173,0.0004113782779313624,7.000000186963007e-05,0.0043135592713952065,0.0014400000218302011
174,0.0003635115281213075,5.999999848427251e-05,0.003302609780803323,0.001120000029914081
175,0.00027641886845231056,4.999999873689376e-05,0.0034177883062511683,0.0011099999537691474
176,0.0003238178906030953,9.999999747378752e-05,0.003682456212118268,0.0011500000255182385
177,0.00040969587280415,0.00011000000085914508,0.003935758490115404,0.0012199999764561653
178,0.00045903678983449936,0.00011000000085914508,0.003917225636541843,0.0013599999947473407
179,0.0003042067983187735,2.9999999242136255e-05,0.0035011623986065388,0.001120000029914081
180,0.0006330591277219355,0.00011000000085914508,0.004032109398394823,0.00139999995008111
181,0.0005786546971648932,0.00014000000373926014,0.004533857572823763,0.0015399999683722854
182,0.0003579509793780744,5.999999848427251e-05,0.0032788938842713833,0.0011599999852478504
183,0.00033039209665730596,7.000000186963007e-05,0.003250251989811659,0.0010999999940395355
184,0.00026801065541803837,2.9999999242136255e-05,0.003646488767117262,0.001290000043809414
185,0.00036087469197809696,0.00011000000085914508,0.0035348539240658283,0.0011099999537691474
186,0.00023029146541375667,3.9999998989515007e-05,0.003553591435775161,0.001230000052601099
187,0.000259439111687243,3.9999998989515007e-05,0.004245584364980459,0.0013599999947473407
188,0.0005420595989562571,0.00014000000373926014,0.0031451943796128035,0.0010499999625608325
189,0.00023772940039634705,4.999999873689376e-05,0.004871995188295841,0.0017600000137463212
190,0.00014807679690420628,9.999999747378752e-06,0.0038133738562464714,0.0012600000482052565
191,0.00040052112308330834,4.999999873689376e-05,0.0034583769738674164,0.0012100000167265534
192,0.00022010407701600343,3.9999998989515007e-05,0.004829698242247105,0.0016400000313296914
193,0.00020282375044189394,4.999999873689376e-05,0.0033946814946830273,0.0012000000569969416
194,0.00022788357455283403,3.9999998989515007e-05,0.004151359666138887,0.0013000000035390258
195,0.00023381633218377829,5.999999848427251e-05,0.003695573890581727,0.0010900000343099236
196,0.00025566323893144727,7.999999797903001e-05,0.0027004762087017298,0.0008999999845400453
197,0.000256184721365571,7.000000186963007e-05,0.003441682318225503,0.0009699999936856329
198,0.0002711673150770366,5.999999848427251e-05,0.0033384126145392656,0.001019999966956675
199,0.00026986704324372113,7.000000186963007e-05,0.002845170209184289,0.0010000000474974513
200,0.00013455354201141745,0.0,0.0030687139369547367,0.0012100000167265534
201,0.00023079797392711043,1.9999999494757503e-05,0.003965882118791342,0.0014199999859556556
202,0.00027294765459373593,4.999999873689376e-05,0.0028461364563554525,0.0009800000116229057
203,0.00032869866117835045,7.000000186963007e-05,0.003022969700396061,0.00107999995816499
204,0.00019699364202097058,1.9999999494757503e-05,0.0029327902011573315,0.0009200000204145908
205,0.0003187675611115992,7.000000186963007e-05,0.0033067981712520123,0.0011699999449774623
206,0.00037291256012395024,0.00011000000085914508,0.002697089221328497,0.0009899999713525176
207,0.00023728268570266664,9.999999747378752e-06,0.0030028242617845535,0.0010900000343099236
208,0.0003164860245306045,2.9999999242136255e-05,0.0031415238045156,0.0010999999940395355
209,0.0003157849714625627,3.9999998989515007e-05,0.003978678956627846,0.0013599999947473407
210,0.00035744544584304094,5.999999848427251e-05,0.003283854341134429,0.0010600000387057662
211,0.00036154966801404953,4.999999873689376e-05,0.0031144607346504927,0.0012100000167265534
212,0.00021709615248255432,2.9999999242136255e-05,0.0035617772955447435,0.0011399999493733048
213,0.00022962631192058325,2.9999999242136255e-05,0.003065258963033557,0.0011099999537691474
214,0.0003078261506743729,4.999999873689376e-05,0.002869407180696726,0.0010900000343099236
215,0.00022352015366777778,2.9999999242136255e-05,0.00282580335624516,0.0009599999757483602
216,0.0002504565636627376,2.9999999242136255e-05,0.003624166361987591,0.0010600000387057662
217,0.0002847352880053222,7.000000186963007e-05,0.004138516262173653,0.0013299999991431832
218,0.0003927835787180811,0.00011000000085914508,0.0037318835966289043,0.0014299999456852674
219,0.00031329330522567034,5.999999848427251e-05,0.0036024039145559072,0.0012700000079348683
220,0.000538832216989249,0.00015999999595806003,0.003837555181235075,0.0011899999808520079
221,0.0002973236842080951,4.999999873689376e-05,0.002928397385403514,0.0008999999845400453
222,0.00028282124549150467,5.999999848427251e-05,0.00488029420375824,0.0015399999683722854
223,0.0002515700180083513,5.999999848427251e-05,0.0035743184853345156,0.0011899999808520079
224,0.0002952310023829341,9.000000136438757e-05,0.0035085196141153574,0.0013000000035390258
225,0.00017694848065730184,9.999999747378752e-06,0.003113237675279379,0.0008800000068731606
226,0.000522709044162184,0.0002099999983329326,0.003718569641932845,0.0013599999947473407
227,0.0004584765702020377,9.000000136438757e-05,0.003214192343875766,0.0012100000167265534
228,0.00017674990522209555,9.999999747378752e-06,0.0035015714820474386,0.001230000052601099
229,0.0004670865018852055,9.999999747378752e-05,0.0029727972578257322,0.0010100000072270632
230,0.0002288442337885499,0.0,0.0031141566578298807,0.00107999995816499
231,0.0003243690589442849,1.9999999494757503e-05,0.00301275122910738,0.0010400000028312206
232,0.00033798522781580687,1.9999999494757503e-05,0.003797186305746436,0.0012700000079348683
233,0.00028738475521095097,9.999999747378752e-06,0.003981663845479488,0.0013800000306218863
234,0.00033774605253711343,7.000000186963007e-05,0.003711831523105502,0.0011500000255182385
235,0.0003613436419982463,9.000000136438757e-05,0.004180239047855139,0.001449999981559813
236,0.0002719984913710505,5.999999848427251e-05,0.004329043440520763,0.0013099999632686377
237,0.00012356252409517765,0.0,0.003474664408713579,0.001230000052601099
238,0.0001951007143361494,5.999999848427251e-05,0.003867912571877241,0.0009699999936856329
239,0.00029033207101747394,7.999999797903001e-05,0.0032923449762165546,0.0013599999947473407
240,0.00018246445688419044,3.9999998989515007e-05,0.0029758005402982235,0.001129999989643693
241,0.0002228578377980739,7.000000186963007e-05,0.0030164343770593405,0.001069999998435378
242,0.0003969608515035361,0.00011999999696854502,0.004661055747419596,0.0015800000401213765
243,0.00024920981377363205,7.999999797903001e-05,0.002982101868838072,0.0009699999936856329
244,0.00027792545733973384,2.9999999242136255e-05,0.003699013963341713,0.0013099999632686377
245,0.0003804713487625122,9.000000136438757e-05,0.004387093707919121,0.0015800000401213765
246,0.00040178431663662195,5.999999848427251e-05,0.002911881310865283,0.0010600000387057662
247,0.00048233085544779897,0.0001500000071246177,0.0037234954070299864,0.0011500000255182385
248,0.00035079216468147933,5.999999848427251e-05,0.003008259693160653,0.0009800000116229057
249,0.0003070315869990736,5.999999848427251e-05,0.004189740400761366,0.0012700000079348683
250,0.0002481043920852244,2.9999999242136255e-05,0.0037333741784095764,0.0012499999720603228
251,0.00040799303678795695,9.000000136438757e-05,0.0031447301153093576,0.0010000000474974513
252,0.00022884190548211336,1.9999999494757503e-05,0.00382679863832891,0.0013599999947473407
253,0.0003745217982213944,9.000000136438757e-05,0.0025824084877967834,0.0008800000068731606
254,0.00018889443890657276,9.999999747378752e-06,0.0031748784240335226,0.001230000052601099
255,0.00015721320232842118,9.999999747378752e-06,0.003940178547054529,0.0013699999544769526
256,0.00031875568674877286,9.999999747378752e-05,0.003015095368027687,0.0010499999625608325
257,0.0002926437300629914,7.000000186963007e-05,0.0033002591226249933,0.001019999966956675
258,0.00021345558343455195,1.9999999494757503e-05,0.003504985710605979,0.0012100000167265534
259,0.0002606881607789546,9.000000136438757e-05,0.0030471342615783215,0.000859999970998615
260,0.00017266476061195135,2.9999999242136255e-05,0.0034850998781621456,0.0013500000350177288
261,0.0007019054028205574,0.00022000000171829015,0.0026505824644118547,0.0009599999757483602
262,0.00019578495994210243,2.9999999242136255e-05,0.003340989351272583,0.0009699999936856329
263,0.00022824120242148638,5.999999848427251e-05,0.0027854708023369312,0.0009599999757483602
264,0.0002701029006857425,7.999999797903001e-05,0.004097054246813059,0.0013800000306218863
265,0.0001711359655018896,2.9999999242136255e-05,0.0034611367154866457,0.0012499999720603228
266,0.00012503040488809347,2.9999999242136255e-05,0.003414610866457224,0.0011399999493733048
267,0.00018483457097318023,3.9999998989515007e-05,0.0029637301340699196,0.0009200000204145908
268,0.00029057846404612064,9.999999747378752e-05,0.0034104795195162296,0.0011099999537691474
269,0.00019221444381400943,2.9999999242136255e-05,0.003721547080203891,0.001180000021122396
270,0.00019898595928680152,2.9999999242136255e-05,0.0028664811979979277,0.0009599999757483602
271,0.0002697486197575927,5.999999848427251e-05,0.0037385523319244385,0.001230000052601099
272,0.00027422275161370635,7.000000186963007e-05,0.0034502919297665358,0.0012799999676644802
273,0.0002722906065173447,3.9999998989515007e-05,0.0036688793916255236,0.0011699999449774623
274,0.00042941211722791195,7.000000186963007e-05,0.0035843965597450733,0.0011500000255182385
275,0.0003310373576823622,3.9999998989515007e-05,0.0030770867597311735,0.0010400000028312206
276,0.00027564552146941423,4.999999873689376e-05,0.0038278838619589806,0.0012400000123307109
277,0.0002615455014165491,4.999999873689376e-05,0.002812562044709921,0.0010100000072270632
278,0.00044562126277014613,9.000000136438757e-05,0.0037396845873445272,0.0011599999852478504
279,0.00018252831068821251,1.9999999494757503e-05,0.0037385860923677683,0.0013699999544769526
280,0.00023987445456441492,7.000000186963007e-05,0.003103707917034626,0.0010300000431016088
281,0.00017292211123276502,9.999999747378752e-06,0.002928265603259206,0.0009699999936856329
282,0.0002656243450473994,7.000000186963007e-05,0.0036694523878395557,0.001230000052601099
283,0.00030814233468845487,7.999999797903001e-05,0.003997948952019215,0.001339999958872795
284,0.00022893119603395462,3.9999998989515007e-05,0.0027535874396562576,0.0008099999977275729
285,0.00035866908729076385,5.999999848427251e-05,0.003024354577064514,0.0009200000204145908
286,0.0002252076519653201,3.9999998989515007e-05,0.0041797268204391,0.0013800000306218863
287,0.0004431127163115889,0.00018000000272877514,0.0026021196972578764,0.0009599999757483602
288,0.0003626639081630856,0.00013000000035390258,0.003418029984459281,0.0010400000028312206
289,0.00015115668065845966,0.0,0.0030359230004251003,0.0010000000474974513
290,0.00016841036267578602,9.999999747378752e-06,0.0036596106365323067,0.0013200000394135714
291,0.00017843817477114499,3.9999998989515007e-05,0.003910543862730265,0.0014199999859556556
292,0.00023816883913241327,7.999999797903001e-05,0.004025525413453579,0.0013699999544769526
293,0.00046302436385303736,0.00014000000373926014,0.002887664595618844,0.0008200000156648457
294,0.00047857954632490873,0.00011999999696854502,0.0033205440267920494,0.0010999999940395355
295,0.00037660967791453004,0.00014000000373926014,0.003286658087745309,0.0011599999852478504
296,0.00023596157552674413,3.9999998989515007e-05,0.0030932303052395582,0.0010600000387057662
297,0.0003692345053423196,9.000000136438757e-05,0.004295408260077238,0.0013800000306218863
298,0.0004564912524074316,0.00011000000085914508,0.0035352541599422693,0.001230000052601099
299,0.0002542271395213902,0.0,0.003629287937656045,0.0012799999676644802
300,0.00027180800680071115,3.9999998989515007e-05,0.0026727609802037477,0.0008299999753944576
301,0.0002669500536285341,7.999999797903001e-05,0.003632929874584079,0.0011699999449774623
302,0.00018829471082426608,1.9999999494757503e-05,0.003970514517277479,0.0013500000350177288
303,0.00020130505436100066,1.9999999494757503e-05,0.0024809131864458323,0.0008099999977275729
304,0.0002198267902713269,7.000000186963007e-05,0.0035701990127563477,0.0011099999537691474
305,0.00026304740458726883,9.999999747378752e-05,0.0027919099666178226,0.0008500000112690032
306,0.00037390331272035837,0.00014000000373926014,0.003959689289331436,0.0011899999808520079
307,0.00020038295770063996,3.9999998989515007e-05,0.003350762417539954,0.001120000029914081
308,0.00028712459607049823,2.9999999242136255e-05,0.003084128722548485,0.0011399999493733048
309,0.0003256225027143955,7.000000186963007e-05,0.002913392148911953,0.00107999995816499
310,0.0006542710470966995,0.00015999999595806003,0.002968463348224759,0.0009599999757483602
311,0.00043203961104154587,0.00011000000085914508,0.0033218616154044867,0.0011099999537691474
312,0.00035946170100942254,1.9999999494757503e-05,0.0029451297596096992,0.0009800000116229057
313,0.0004469839041121304,0.00011999999696854502,0.00408747885376215,0.001069999998435378
314,0.0002865742426365614,5.999999848427251e-05,0.0033049581106752157,0.0009800000116229057
315,0.00029874598840251565,7.999999797903001e-05,0.003726688679307699,0.0014100000262260437
316,0.00020102671987842768,3.9999998989515007e-05,0.0033912963699549437,0.0012100000167265534
317,0.00028643934638239443,7.999999797903001e-05,0.003692011581733823,0.0013099999632686377
318,0.00036467250902205706,7.999999797903001e-05,0.0025603370741009712,0.0009399999980814755
319,0.0002918610698543489,1.9999999494757503e-05,0.003107653930783272,0.0010600000387057662
320,0.00019618924125097692,0.0,0.0035525436978787184,0.0013099999632686377
321,0.0003208830312360078,7.999999797903001e-05,0.0031680248212069273,0.0011699999449774623
322,0.0003441118460614234,0.00013000000035390258,0.003908044658601284,0.0012799999676644802
323,0.00025788636412471533,2.9999999242136255e-05,0.0027035509701818228,0.00107999995816499
324,0.00022254583018366247,1.9999999494757503e-05,0.004173630848526955,0.0016199999954551458
325,0.00019455939764156938,2.9999999242136255e-05,0.0033175512216985226,0.0011500000255182385
326,0.00020021814270876348,5.999999848427251e-05,0.0034460725728422403,0.0011399999493733048
327,0.0001619881222723052,1.9999999494757503e-05,0.004105732310563326,0.0015800000401213765
328,0.0003826310276053846,0.00011999999696854502,0.0032765762880444527,0.001120000029914081
329,0.00030716037144884467,0.00011999999696854502,0.0028203632682561874,0.0009399999980814755
330,0.0002906308800447732,0.00011000000085914508,0.0031560822390019894,0.001019999966956675
331,0.0002255094877909869,5.999999848427251e-05,0.0032245765905827284,0.0009599999757483602
332,0.00021899283456150442,7.999999797903001e-05,0.004008157644420862,0.0013500000350177288
333,0.0005065916921012104,0.00013000000035390258,0.0033116883132606745,0.0011399999493733048
334,0.0002693032147362828,7.000000186963007e-05,0.0035051347222179174,0.001339999958872795
335,0.00043732006452046335,0.00018000000272877514,0.0036579007282853127,0.0010600000387057662
336,0.00020487667643465102,3.9999998989515007e-05,0.0038991014007478952,0.0012700000079348683
337,0.00027592721744440496,2.9999999242136255e-05,0.0026442883536219597,0.0009699999936856329
338,0.0003936337016057223,9.999999747378752e-05,0.0030789365991950035,0.0009899999713525176
339,0.0003428153577260673,7.999999797903001e-05,0.002368125133216381,0.0007600000244565308
340,0.00037101859925314784,7.999999797903001e-05,0.0034999456256628036,0.0010900000343099236
341,0.00029900690424256027,4.999999873689376e-05,0.0025472829584032297,0.0009699999936856329
342,0.0002614190452732146,3.9999998989515007e-05,0.0032372095156461,0.0010300000431016088
343,0.00047400768380612135,5.999999848427251e-05,0.0036577684804797173,0.001129999989643693
344,0.00026863213861361146,7.000000186963007e-05,0.003395178122445941,0.0010999999940395355
345,0.00024098579888232052,4.999999873689376e-05,0.003950093872845173,0.0012499999720603228
346,0.00032643822487443686,9.999999747378752e-05,0.0025582017842680216,0.0008999999845400453
347,0.0003780810802709311,9.999999747378752e-05,0.0033673131838440895,0.001230000052601099
348,0.00013295163807924837,0.0,0.0036511910147964954,0.001230000052601099
349,0.00027079047868028283,7.000000186963007e-05,0.0029149206820875406,0.00107999995816499
350,0.0003836594114545733,0.00015999999595806003,0.003999493550509214,0.0013299999991431832
351,0.0001730357762426138,3.9999998989515007e-05,0.003258428303524852,0.0010999999940395355
352,0.00019665503350552171,1.9999999494757503e-05,0.0031785499304533005,0.001069999998435378
353,0.00017383777594659477,9.999999747378752e-06,0.003571795066818595,0.0012799999676644802
354,0.0004504032840486616,0.00016999999934341758,0.0035538168158382177,0.0011899999808520079
355,0.0005324492813088,0.00011999999696854502,0.0034352941438555717,0.001230000052601099
356,0.000312811229377985,7.999999797903001e-05,0.0034959977492690086,0.0012600000482052565
357,0.0004470536659937352,0.00016999999934341758,0.003455673111602664,0.0009500000160187483
358,0.000333551928633824,5.999999848427251e-05,0.003529801033437252,0.0012100000167265534
359,0.0003113364218734205,9.999999747378752e-05,0.002719809301197529,0.0010499999625608325
360,0.0002751275897026062,7.000000186963007e-05,0.003212334355339408,0.0011899999808520079
361,0.00031650529126636684,9.999999747378752e-05,0.0036050723865628242,0.0012499999720603228
362,0.00021991028916090727,5.999999848427251e-05,0.0035531159956008196,0.0012199999764561653
363,0.0003552461275830865,9.000000136438757e-05,0.003231643931940198,0.0010000000474974513
364,0.00027849047910422087,9.000000136438757e-05,0.0028502142522484064,0.0009399999980814755
365,0.0003136832092422992,0.00011000000085914508,0.0027863436844199896,0.001019999966956675
366,0.0003285965940449387,0.00011999999696854502,0.0025441357865929604,0.0007399999885819852
367,0.00018590148829389364,2.9999999242136255e-05,0.00404362054541707,0.0014199999859556556
368,0.00027406690060161054,7.000000186963007e-05,0.0032495511695742607,0.0011500000255182385
369,0.0005077593959867954,0.0001500000071246177,0.003576446557417512,0.0012499999720603228
370,0.0002909846662078053,9.000000136438757e-05,0.00448613241314888,0.0014600000577047467
371,0.00024565900093875825,7.999999797903001e-05,0.0037962584756314754,0.0013800000306218863
372,0.00026074860943481326,3.9999998989515007e-05,0.003030388616025448,0.0010400000028312206
373,0.0002516540407668799,4.999999873689376e-05,0.0032829882111400366,0.0009699999936856329
374,0.00019579641229938716,1.9999999494757503e-05,0.003954300191253424,0.0013000000035390258
375,0.0002514616644475609,3.9999998989515007e-05,0.0035475005861371756,0.0014199999859556556
376,0.00017058626690413803,9.999999747378752e-06,0.0025790566578507423,0.0008900000248104334
377,0.00026867949054576457,3.9999998989515007e-05,0.0037538798060268164,0.0009899999713525176
378,0.00020975663210265338,4.999999873689376e-05,0.0033392966724932194,0.0011399999493733048
379,0.0002626126224640757,3.9999998989515007e-05,0.0041337814182043076,0.0013299999991431832
380,0.0005900186952203512,0.0001500000071246177,0.0031499755568802357,0.001069999998435378
381,0.00040397027623839676,7.999999797903001e-05,0.00328505109064281,0.0009699999936856329
382,0.00021220925555098802,4.999999873689376e-05,0.0032460626680403948,0.0012199999764561653
383,0.0005715338047593832,9.999999747378752e-05,0.003083566203713417,0.0012700000079348683
384,0.00030565125052817166,7.000000186963007e-05,0.003590706503018737,0.0012700000079348683
385,0.00026427535340189934,1.9999999494757503e-05,0.00352278514765203,0.0011399999493733048
386,0.00019298188271932304,9.999999747378752e-06,0.003376446198672056,0.0012600000482052565
387,0.00031308713369071484,7.999999797903001e-05,0.0028646497521549463,0.0010499999625608325
388,0.0003069562662858516,5.999999848427251e-05,0.0027055973187088966,0.0009599999757483602
389,0.00031530178966932,9.000000136438757e-05,0.0026540469843894243,0.0008699999889358878
390,0.00027682335348799825,5.999999848427251e-05,0.003729419317096472,0.0013000000035390258
391,0.00035386934177950025,7.999999797903001e-05,0.002952039474621415,0.0010900000343099236
392,0.0003815819800365716,0.00011999999696854502,0.0033937948755919933,0.0011699999449774623
393,0.0003786010784097016,0.00011000000085914508,0.0035233264788985252,0.0011399999493733048
394,0.00023625677567906678,5.999999848427251e-05,0.002706879982724786,0.0011399999493733048
395,0.00030428700847551227,7.999999797903001e-05,0.002456920687109232,0.0007800000021234155
396,0.0002766425022855401,3.9999998989515007e-05,0.0020432614255696535,0.0006000000284984708
397,0.0001535740593681112,0.0,0.0036949145141988993,0.0013200000394135714
398,0.00016283142031170428,9.999999747378752e-06,0.00319758802652359,0.001180000021122396
399,0.00030814469209872186,5.999999848427251e-05,0.0035368655808269978,0.0013299999991431832
400,0.00021753729379270226,5.999999848427251e-05,0.0034804686438292265,0.001120000029914081
401,0.0003002268203999847,5.999999848427251e-05,0.0035435848403722048,0.0011399999493733048
402,0.00022306744358502328,3.9999998989515007e-05,0.0030136818531900644,0.0009200000204145908
403,0.0004023931105621159,0.00011999999696854502,0.0029603163711726665,0.0011099999537691474
404,0.00020149073679931462,4.999999873689376e-05,0.004675751086324453,0.0015899999998509884
405,0.00023958641395438462,2.9999999242136255e-05,0.0030515047255903482,0.0009599999757483602
406,0.0002961804566439241,7.999999797903001e-05,0.004248178564012051,0.001230000052601099
407,0.00027046212926506996,3.9999998989515007e-05,0.0026648861821740866,0.0008900000248104334
408,0.00018349911260884255,9.999999747378752e-06,0.0033421965781599283,0.0009800000116229057
409,0.00043805857421830297,0.0001500000071246177,0.0029934863559901714,0.0009299999801442027
410,0.00033985337358899415,4.999999873689376e-05,0.003611409803852439,0.001129999989643693
411,0.0003144344955217093,5.999999848427251e-05,0.0034117898903787136,0.0012799999676644802
412,0.000348220462910831,7.999999797903001e-05,0.0030312337912619114,0.0009699999936856329
413,0.00036910249036736786,9.999999747378752e-05,0.00328993727453053,0.0010900000343099236
414,0.00035449862480163574,5.999999848427251e-05,0.003083630232140422,0.0012100000167265534
415,0.00031757456599734724,7.999999797903001e-05,0.00287329382263124,0.000910000002477318
416,0.0002636267163325101,5.999999848427251e-05,0.003294705180451274,0.0010600000387057662
417,0.00030244531808421016,9.999999747378752e-05,0.0034751472994685173,0.0011899999808520079
418,0.00035119758103974164,7.000000186963007e-05,0.003100123954936862,0.0009599999757483602
419,0.0002568516356404871,7.999999797903001e-05,0.0030756054911762476,0.0009800000116229057
420,0.00033945112954825163,7.999999797903001e-05,0.003176990896463394,0.0010400000028312206
421,0.00017593354277778417,1.9999999494757503e-05,0.0026262090541422367,0.0008399999933317304
422,0.00024012764333747327,7.000000186963007e-05,0.003945949487388134,0.0013099999632686377
423,0.0002826195559464395,4.999999873689376e-05,0.002852095291018486,0.0011099999537691474
424,0.0003145656664855778,7.999999797903001e-05,0.003930964507162571,0.0012700000079348683
425,0.00021116701827850193,2.9999999242136255e-05,0.0037428501527756453,0.0012400000123307109
426,0.00024151054094545543,7.000000186963007e-05,0.003725520335137844,0.0012799999676644802
427,0.0003039903240278363,4.999999873689376e-05,0.002981209894642234,0.0010499999625608325
428,0.00019546746625564992,2.9999999242136255e-05,0.003121999790892005,0.0010100000072270632
429,0.00023718168085906655,5.999999848427251e-05,0.003192070173099637,0.0011399999493733048
430,0.00016713088552933186,1.9999999494757503e-05,0.0028402330353856087,0.0009899999713525176
431,0.00021691630536224693,7.000000186963007e-05,0.003432819154113531,0.001230000052601099
432,0.00017759464390110224,9.999999747378752e-06,0.0029123276472091675,0.0008800000068731606
433,0.00035442947410047054,0.00011000000085914508,0.0024204649962484837,0.000910000002477318
434,0.00034719405812211335,9.999999747378752e-05,0.002975753042846918,0.0009699999936856329
435,0.00019930327835027128,4.999999873689376e-05,0.0029117909725755453,0.0010400000028312206
436,0.0004007639654446393,0.00011000000085914508,0.003168764989823103,0.00107999995816499
437,0.00025768825435079634,7.999999797903001e-05,0.003003265941515565,0.000910000002477318
438,0.00019032947602681816,2.9999999242136255e-05,0.002288123592734337,0.0008399999933317304
439,0.0001772076211636886,2.9999999242136255e-05,0.002991184825077653,0.0010300000431016088
440,0.0003613501612562686,0.00013000000035390258,0.003077538451179862,0.0009500000160187483
441,0.0002248105447506532,1.9999999494757503e-05,0.002423603553324938,0.0007600000244565308
442,0.0003814321244135499,0.00011000000085914508,0.003085860051214695,0.00107999995816499
443,0.0002614370023366064,3.9999998989515007e-05,0.003979069646447897,0.0013200000394135714
444,0.0001630398619454354,0.0,0.0028841481544077396,0.0009200000204145908
445,0.00032665813341736794,9.000000136438757e-05,0.00422959728166461,0.001560000004246831
446,0.00021657641627825797,2.9999999242136255e-05,0.004588599782437086,0.00139999995008111
447,0.00018267057021148503,2.9999999242136255e-05,0.003321455093100667,0.0012499999720603228
448,0.00021633099822793156,2.9999999242136255e-05,0.00366681395098567,0.0011500000255182385
449,0.00025798912975005805,4.999999873689376e-05,0.0030827701557427645,0.0010999999940395355
450,0.00023275995044969022,3.9999998989515007e-05,0.0032229565549641848,0.0011899999808520079
451,0.0003241506638005376,9.999999747378752e-05,0.003311300417408347,0.00107999995816499
452,0.00021178109454922378,1.9999999494757503e-05,0.00292071676813066,0.001019999966956675
453,0.0003950821119360626,0.00013000000035390258,0.004283307585865259,0.0014199999859556556
454,0.00023445539409294724,1.9999999494757503e-05,0.0039209784008562565,0.0012600000482052565
455,0.00024859345285221934,3.9999998989515007e-05,0.002819354645907879,0.000859999970998615
456,0.00022433683625422418,3.9999998989515007e-05,0.003109085140749812,0.001180000021122396
457,0.00022255833027884364,3.9999998989515007e-05,0.003466420341283083,0.001290000043809414
458,0.00034420707379467785,9.000000136438757e-05,0.0029663594905287027,0.0009699999936856329
459,0.00030957889975979924,5.999999848427251e-05,0.0031909598037600517,0.00107999995816499
460,0.0001842352794483304,3.9999998989515007e-05,0.004180038347840309,0.001500000013038516
461,0.00024495532852597535,4.999999873689376e-05,0.0036057010293006897,0.0012700000079348683
462,0.0003584649530239403,9.999999747378752e-05,0.0036185726057738066,0.0014700000174343586
463,0.00023638232960365713,5.999999848427251e-05,0.0031970501877367496,0.0011899999808520079
464,0.00024010073684621602,4.999999873689376e-05,0.003327772719785571,0.0009699999936856329
465,0.0002574031241238117,7.000000186963007e-05,0.0032636146061122417,0.0010900000343099236
466,0.00015005360182840377,0.0,0.0028252301272004843,0.0008200000156648457
467,0.00023842474911361933,4.999999873689376e-05,0.0034112040884792805,0.0010400000028312206
468,0.00023539134417660534,3.9999998989515007e-05,0.0029144270811229944,0.00107999995816499
469,0.00023510478786192834,3.9999998989515007e-05,0.0037272917106747627,0.0012199999764561653
470,0.00020006607519462705,3.9999998989515007e-05,0.0039002939593046904,0.0012600000482052565
471,0.00048117421101778746,0.00019999999494757503,0.003541918471455574,0.0013899999903514981
472,0.0001268535415874794,0.0,0.0036051382776349783,0.0012799999676644802
473,0.00013118995411787182,9.999999747378752e-06,0.00391400046646595,0.0012799999676644802
474,0.00040550006087869406,0.00014000000373926014,0.0028213527984917164,0.0009899999713525176
475,0.00036399782402440906,0.00013000000035390258,0.0024566876236349344,0.0007600000244565308
476,0.00024508661590516567,7.999999797903001e-05,0.0033980447333306074,0.0013800000306218863
477,0.00022760077263228595,7.000000186963007e-05,0.0029220511205494404,0.0010600000387057662
478,0.00019476161105558276,2.9999999242136255e-05,0.002314906567335129,0.000750000006519258
479,0.00023730099201202393,4.999999873689376e-05,0.00348224607296288,0.0011699999449774623
480,0.00028038714663125575,2.9999999242136255e-05,0.002837990876287222,0.000910000002477318
481,0.0003813929797615856,9.999999747378752e-05,0.0034275392536073923,0.0012600000482052565
482,0.00026984940632246435,4.999999873689376e-05,0.0032203039154410362,0.0009800000116229057
483,0.00025667931186035275,2.9999999242136255e-05,0.0031623307149857283,0.0009200000204145908
484,0.00040366282337345183,7.999999797903001e-05,0.0033929653000086546,0.0012499999720603228
485,0.00035290943924337626,0.00011999999696854502,0.002886345377191901,0.0009800000116229057
486,0.0002278256870340556,2.9999999242136255e-05,0.0028616448398679495,0.0009200000204145908
487,0.0002603914472274482,4.999999873689376e-05,0.002994581824168563,0.0009500000160187483
488,0.0002908513124566525,7.000000186963007e-05,0.0030028806068003178,0.0009699999936856329
489,0.0001620915427338332,1.9999999494757503e-05,0.003501305589452386,0.0011899999808520079
490,0.0002380918595008552,7.000000186963007e-05,0.0032344411592930555,0.001180000021122396
491,0.0001367518852930516,1.9999999494757503e-05,0.0036556667182594538,0.001120000029914081
492,0.00024808902526274323,7.000000186963007e-05,0.0034664799459278584,0.0013099999632686377
493,0.00020390257122926414,3.9999998989515007e-05,0.002553174737840891,0.0008900000248104334
494,0.00022410537349060178,5.999999848427251e-05,0.003216549288481474,0.0012199999764561653
495,0.00020049800514243543,2.9999999242136255e-05,0.0035792600829154253,0.001339999958872795
496,0.0002135861577698961,9.999999747378752e-06,0.003315576585009694,0.0010600000387057662
497,0.0002822646638378501,4.999999873689376e-05,0.0033578802831470966,0.0011099999537691474
498,0.00020144095469731838,1.9999999494757503e-05,0.003772957483306527,0.0013599999947473407
499,0.00027537363348528743,9.000000136438757e-05,0.003611143911257386,0.0015200000489130616
500,0.00039314423338510096,0.00016999999934341758,0.003326196689158678,0.0009899999713525176
501,0.0001982412941288203,3.9999998989515007e-05,0.0029909899458289146,0.0009800000116229057
502,0.00022401839669328183,1.9999999494757503e-05,0.003459485713392496,0.0009599999757483602
503,0.00021382348495535553,3.9999998989515007e-05,0.0034096017479896545,0.0013099999632686377
504,0.0002223403425887227,5.999999848427251e-05,0.003541619749739766,0.001290000043809414
505,0.00029257862479425967,7.999999797903001e-05,0.00352903688326478,0.0013299999991431832
506,0.00021522579481825233,2.9999999242136255e-05,0.003770557465031743,0.001290000043809414
507,0.0004429683613125235,0.00013000000035390258,0.0036301452200859785,0.0012400000123307109
508,0.00019304768647998571,1.9999999494757503e-05,0.004352832678705454,0.0014700000174343586
509,0.00028898712480440736,9.000000136438757e-05,0.003071740735322237,0.001120000029914081
510,0.0004519345529843122,0.00011999999696854502,0.0035085289273411036,0.0011599999852478504
511,0.00017842343368101865,2.9999999242136255e-05,0.0028809530194848776,0.0008399999933317304
512,0.00016917801985982805,9.999999747378752e-06,0.002970724133774638,0.0010900000343099236
513,0.0001902140793390572,2.9999999242136255e-05,0.003306223079562187,0.0011699999449774623
514,0.00034221127862110734,0.00011000000085914508,0.0035765760112553835,0.0011899999808520079
515,0.00031464241328649223,5.999999848427251e-05,0.004564400762319565,0.0015300000086426735
516,0.00022645306307822466,1.9999999494757503e-05,0.003933876287192106,0.001550000044517219
517,0.00032407231628894806,0.00011000000085914508,0.0031227320432662964,0.0010499999625608325
518,0.00017149692575912923,1.9999999494757503e-05,0.0035682793240994215,0.0013200000394135714
519,0.0003820639685727656,7.999999797903001e-05,0.0036440747790038586,0.001230000052601099
520,0.0002633641706779599,3.9999998989515007e-05,0.003533032024279237,0.0012100000167265534
521,0.00033169114612974226,9.999999747378752e-05,0.0032419972121715546,0.0011500000255182385
522,0.0002451628097333014,4.999999873689376e-05,0.0035934271290898323,0.001120000029914081
523,0.00016433122800663114,0.0,0.0025159104261547327,0.000859999970998615
524,0.0003399671404622495,7.999999797903001e-05,0.003337647533044219,0.001230000052601099
525,0.0003632277075666934,0.00011000000085914508,0.0040447707287967205,0.0013000000035390258
526,0.0003564650542102754,9.999999747378752e-05,0.003261895850300789,0.001129999989643693
527,0.00030778194195590913,5.999999848427251e-05,0.0031114951707422733,0.001069999998435378
528,0.00026603933656588197,5.999999848427251e-05,0.0027857953682541847,0.0008999999845400453
529,0.0002493566134944558,7.000000186963007e-05,0.0032716819550842047,0.001019999966956675
530,0.0002691249246709049,9.000000136438757e-05,0.002782404189929366,0.0009299999801442027
531,0.00022272525529842824,3.9999998989515007e-05,0.004017445724457502,0.0013699999544769526
532,0.0007033264846540987,0.0002300000051036477,0.003006820334121585,0.0010000000474974513
533,0.0002243671187898144,7.999999797903001e-05,0.0026791312266141176,0.0009200000204145908
534,0.00021392101189121604,3.9999998989515007e-05,0.0031986190006136894,0.0010100000072270632
535,0.0002689711982384324,3.9999998989515007e-05,0.0027401247061789036,0.001019999966956675
536,0.00023336180311162025,5.999999848427251e-05,0.002915209624916315,0.0010499999625608325
537,0.00032851178548298776,7.000000186963007e-05,0.0030133153777569532,0.0010900000343099236
538,0.00046478479634970427,0.00011000000085914508,0.003110639052465558,0.0008999999845400453
539,0.0002662158804014325,3.9999998989515007e-05,0.003896138397976756,0.0013599999947473407
540,0.00036876904778182507,9.999999747378752e-05,0.0035622103605419397,0.0012000000569969416
541,0.0003349008911754936,9.999999747378752e-05,0.003157885279506445,0.0010100000072270632
542,0.0003355894878040999,0.00014000000373926014,0.003312851767987013,0.0012000000569969416
543,0.00019339608843438327,9.999999747378752e-06,0.0038305355701595545,0.001120000029914081
544,0.0002586370101198554,2.9999999242136255e-05,0.004037379287183285,0.0014400000218302011
545,0.00019701523706316948,4.999999873689376e-05,0.002751657273620367,0.0010000000474974513
546,0.00029537134105339646,9.999999747378752e-05,0.003016761038452387,0.0010900000343099236
547,0.0003893832617904991,0.00011000000085914508,0.0026967960875481367,0.0009299999801442027
548,0.0003681242233142257,0.00011999999696854502,0.0029498510994017124,0.0011099999537691474
549,0.0004269318305887282,0.00011000000085914508,0.0031478838063776493,0.00107999995816499
550,0.0003980238107033074,9.999999747378752e-05,0.0030525836627930403,0.001129999989643693
551,0.0003590220003388822,9.999999747378752e-05,0.003537998767569661,0.0012600000482052565
552,0.0001671097707003355,2.9999999242136255e-05,0.0036514592356979847,0.0012499999720603228
553,0.00028781709261238575,7.999999797903001e-05,0.0033765959087759256,0.0010000000474974513
554,0.000240106979617849,5.999999848427251e-05,0.002802185947075486,0.0009500000160187483
555,0.0001605387224117294,2.9999999242136255e-05,0.0037000866141170263,0.0014299999456852674
556,0.00027823756681755185,9.000000136438757e-05,0.00243240874260664,0.0008999999845400453
557,0.0003769643371924758,0.00014000000373926014,0.0035750484094023705,0.0012799999676644802
558,0.0003842186415567994,9.999999747378752e-05,0.003874389920383692,0.0013800000306218863
559,0.00019629369489848614,1.9999999494757503e-05,0.0034638417419046164,0.00107999995816499
560,0.0003711670287884772,9.999999747378752e-05,0.0029807141982018948,0.000910000002477318
561,0.0003244994150009006,4.999999873689376e-05,0.0035411787685006857,0.001129999989643693
562,0.0002411322493571788,7.000000186963007e-05,0.003639698727056384,0.0012000000569969416
563,0.0002688847598619759,4.999999873689376e-05,0.003334354143589735,0.001180000021122396
564,0.00019316549878567457,1.9999999494757503e-05,0.002678355434909463,0.0008699999889358878
565,0.00025186664424836636,9.999999747378752e-05,0.002979390090331435,0.000859999970998615
566,0.0004897394101135433,0.00014000000373926014,0.003092419821768999,0.0011699999449774623
567,0.00035429498529993,0.00011000000085914508,0.004402139689773321,0.0014100000262260437
568,0.00020284534548409283,1.9999999494757503e-05,0.0034743202850222588,0.0010999999940395355
569,0.0003482913598418236,0.00011000000085914508,0.00369060761295259,0.0011899999808520079
570,0.0002128165797330439,4.999999873689376e-05,0.0032157686073333025,0.0010300000431016088
571,0.00017411296721547842,0.0,0.0037507456727325916,0.0011699999449774623
572,0.0001829109969548881,2.9999999242136255e-05,0.00303234183229506,0.001230000052601099
573,0.00029505538986995816,5.999999848427251e-05,0.0035988185554742813,0.0012799999676644802
574,0.0003457715210970491,0.00011000000085914508,0.0032589680049568415,0.001019999966956675
575,0.00019706202147062868,4.999999873689376e-05,0.003763454034924507,0.0012199999764561653
576,0.0002572133671492338,7.000000186963007e-05,0.002677032258361578,0.000859999970998615
577,0.00025119868223555386,9.999999747378752e-05,0.0035734735429286957,0.0010900000343099236
578,0.00014221489254850894,1.9999999494757503e-05,0.0033458927646279335,0.0012000000569969416
579,0.00022187727154232562,5.999999848427251e-05,0.0027187149971723557,0.0009299999801442027
580,0.00015522596368100494,9.999999747378752e-06,0.00290694716386497,0.001019999966956675
581,0.0003943859483115375,0.0001500000071246177,0.002986011328175664,0.0012199999764561653
582,0.00019552491721697152,4.999999873689376e-05,0.0033745362889021635,0.0012100000167265534
583,0.0002808289136737585,9.999999747378752e-05,0.002825583331286907,0.0009599999757483602
584,0.00022005924256518483,4.999999873689376e-05,0.0033529619686305523,0.0011500000255182385
585,0.00033977022394537926,7.999999797903001e-05,0.002643363317474723,0.0009800000116229057
586,0.00016876484733074903,3.9999998989515007e-05,0.004209910519421101,0.0014799999771639705
587,0.00013015848526265472,9.999999747378752e-06,0.003323566634207964,0.0012799999676644802
588,0.00020037007925566286,5.999999848427251e-05,0.003707373281940818,0.0014299999456852674
589,0.00014472127077169716,0.0,0.003570761065930128,0.0013099999632686377
590,0.0002727156097535044,4.999999873689376e-05,0.0033321361988782883,0.0012000000569969416
591,0.00032012982410378754,7.000000186963007e-05,0.003048019018024206,0.0010100000072270632
592,0.00034099441836588085,7.000000186963007e-05,0.003629633691161871,0.001230000052601099
593,0.00024794790078885853,4.999999873689376e-05,0.002586648566648364,0.0009699999936856329
594,0.0002063786523649469,2.9999999242136255e-05,0.0034772567451000214,0.0013599999947473407
595,0.00025517743779346347,7.999999797903001e-05,0.002537171123549342,0.0008099999977275729
596,0.00038656816468574107,0.00015999999595806003,0.0039854953065514565,0.001339999958872795
597,0.00038423322257585824,0.00013000000035390258,0.003372532082721591,0.0010100000072270632
598,0.0003944531490560621,9.999999747378752e-05,0.0041355714201927185,0.0014400000218302011
599,0.00023003948444966227,3.9999998989515007e-05,0.0029906195122748613,0.0008999999845400453
600,0.0002490584156475961,3.9999998989515007e-05,0.002516083652153611,0.0009399999980814755
601,0.00025311941863037646,4.999999873689376e-05,0.003252246882766485,0.0011899999808520079
602,0.00033051782520487905,9.000000136438757e-05,0.0034620098304003477,0.0012400000123307109
603,0.00015426968457177281,0.0,0.003110151505097747,0.001019999966956675
604,0.00024466862669214606,7.999999797903001e-05,0.0035997568629682064,0.0012499999720603228
605,0.00029957800870761275,0.00011000000085914508,0.0031112476717680693,0.0009699999936856329
606,0.00019840685126837343,1.9999999494757503e-05,0.0027789378073066473,0.001019999966956675
607,0.00033699581399559975,9.000000136438757e-05,0.003403804497793317,0.0013800000306218863
608,0.0004286380426492542,0.00011000000085914508,0.003358615795150399,0.0011099999537691474
609,0.0001543075923109427,9.999999747378752e-06,0.0031761114951223135,0.0010600000387057662
610,0.00025761648430489004,9.000000136438757e-05,0.003084749449044466,0.0012000000569969416
611,0.00020475330529734492,4.999999873689376e-05,0.0034721847623586655,0.0011899999808520079
612,0.00015800529217813164,0.0,0.0036323154345154762,0.001339999958872795
613,0.00034697091905400157,7.999999797903001e-05,0.002590023912489414,0.0009399999980814755
614,0.00028241926338523626,7.999999797903001e-05,0.0025490899570286274,0.0008399999933317304
615,0.00016921997303143144,0.0,0.0027886549942195415,0.001019999966956675
616,0.0002629362279549241,3.9999998989515007e-05,0.003640494542196393,0.0013299999991431832
617,0.0004984265542589128,0.0001900000061141327,0.002664201660081744,0.0009299999801442027
618,0.00021556529100053012,2.9999999242136255e-05,0.003906751051545143,0.0013000000035390258
619,0.0002561027358751744,4.999999873689376e-05,0.0025974998716264963,0.0007999999797903001
620,0.00024446306633763015,4.999999873689376e-05,0.003798652905970812,0.0013099999632686377
621,0.00025568887940607965,5.999999848427251e-05,0.003915198612958193,0.0013699999544769526
622,0.00022057531168684363,3.9999998989515007e-05,0.003922631964087486,0.0012000000569969416
623,0.00039484674925915897,0.00011999999696854502,0.003944536205381155,0.0014199999859556556
624,0.00016729734488762915,0.0,0.0025088314432650805,0.0007699999841861427
625,0.00039158540312200785,0.0001500000071246177,0.0037587573751807213,0.0012499999720603228
626,0.00042835145723074675,3.9999998989515007e-05,0.003732345998287201,0.001129999989643693
627,0.00026875184266828,7.000000186963007e-05,0.003425333648920059,0.0012199999764561653
628,0.0003120193141512573,7.000000186963007e-05,0.003521652426570654,0.0012400000123307109
629,0.00018482105224393308,3.9999998989515007e-05,0.003119305009022355,0.0010300000431016088
630,0.0001976118073798716,2.9999999242136255e-05,0.0036807639990001917,0.0011699999449774623
631,0.00020494147611316293,7.000000186963007e-05,0.003026569029316306,0.0009699999936856329
632,0.00018720208026934415,2.9999999242136255e-05,0.0030228132382035255,0.001019999966956675
633,0.00027128224610351026,7.999999797903001e-05,0.003826869884505868,0.0012100000167265534
634,0.0002575720427557826,5.999999848427251e-05,0.003446839051321149,0.0011500000255182385
635,0.00018791867478284985,1.9999999494757503e-05,0.00359689281322062,0.0012700000079348683
636,0.00022145432012621313,5.999999848427251e-05,0.003544792765751481,0.0011899999808520079
637,0.00013058737386018038,0.0,0.003207416506484151,0.0012100000167265534
638,0.00013869890244677663,9.999999747378752e-06,0.003398687345907092,0.0011599999852478504
639,0.0002840288507286459,9.000000136438757e-05,0.0031885728240013123,0.0012600000482052565
640,0.00023327404051087797,4.999999873689376e-05,0.003529977286234498,0.001129999989643693
641,0.0002358424389967695,4.999999873689376e-05,0.0036576727870851755,0.0013500000350177288
642,0.0002569630742073059,7.999999797903001e-05,0.003406618954613805,0.0013000000035390258
643,0.0002484311698935926,3.9999998989515007e-05,0.003131062025204301,0.0010499999625608325
644,0.0002028632879955694,5.999999848427251e-05,0.0038067467976361513,0.00139999995008111
645,0.00020904422854073346,2.9999999242136255e-05,0.003970765043050051,0.0013899999903514981
646,0.0003031296073459089,9.999999747378752e-05,0.003164701396599412,0.0010499999625608325
647,0.0003042850294150412,5.999999848427251e-05,0.004068836569786072,0.0014100000262260437
648,0.0003410604258533567,7.000000186963007e-05,0.0030463377479463816,0.0011500000255182385
649,0.000271531636826694,4.999999873689376e-05,0.003082097740843892,0.00107999995816499
650,0.0002793232852127403,7.999999797903001e-05,0.003596062073484063,0.0011599999852478504
651,0.00036198212183080614,7.000000186963007e-05,0.003164252731949091,0.001120000029914081
652,0.00021204850054346025,3.9999998989515007e-05,0.0028289486654102802,0.00107999995816499
653,0.0002539727429393679,5.999999848427251e-05,0.00375349260866642,0.0011599999852478504
654,0.0001848239917308092,2.9999999242136255e-05,0.003166829003021121,0.0010300000431016088
655,0.00034886374487541616,9.000000136438757e-05,0.0031727177556604147,0.001129999989643693
656,0.00040434178663417697,0.00011000000085914508,0.0033860341645777225,0.0011099999537691474
657,0.00025779203861020505,5.999999848427251e-05,0.0032902713865041733,0.0010900000343099236
658,0.00034064974170178175,5.999999848427251e-05,0.0029433444142341614,0.0010400000028312206
659,0.0002586805494502187,4.999999873689376e-05,0.0032781886402517557,0.0010400000028312206
660,0.0001896254252642393,2.9999999242136255e-05,0.002656021388247609,0.0008099999977275729
661,0.00021894104429520667,3.9999998989515007e-05,0.003275475697591901,0.0012000000569969416
662,0.0003604649391490966,7.999999797903001e-05,0.002924547530710697,0.0010300000431016088
663,0.0002713585854507983,4.999999873689376e-05,0.0027961439918726683,0.0009599999757483602
664,0.0006839761044830084,0.00013000000035390258,0.0034393626265227795,0.00107999995816499
665,0.00028277558158151805,5.999999848427251e-05,0.00355337536893785,0.0012199999764561653
666,0.0003760381950996816,9.000000136438757e-05,0.003890794003382325,0.0014799999771639705
667,0.00020323680655565113,5.999999848427251e-05,0.00358304544351995,0.0012100000167265534
668,0.00019039693870581686,3.9999998989515007e-05,0.003236229531466961,0.001290000043809414
669,0.0002466324367560446,4.999999873689376e-05,0.0035927980206906796,0.0010999999940395355
670,0.0003374441002961248,4.999999873689376e-05,0.004004334099590778,0.0014400000218302011
671,0.00028615695191547275,9.000000136438757e-05,0.003208756446838379,0.0009299999801442027
672,0.00017094631039071828,9.999999747378752e-06,0.003202847670763731,0.00107999995816499
673,0.00016721469000913203,2.9999999242136255e-05,0.003258725628256798,0.0009899999713525176
674,0.0003059472073800862,9.999999747378752e-05,0.0041674161329865456,0.0013099999632686377
675,0.00027871254133060575,4.999999873689376e-05,0.0031771743670105934,0.0013099999632686377
676,0.0002029060124186799,1.9999999494757503e-05,0.0032360057812184095,0.0010400000028312206
677,0.0001609507016837597,1.9999999494757503e-05,0.0030359618831425905,0.0009500000160187483
678,0.0003083424817305058,5.999999848427251e-05,0.0031843488104641438,0.0012000000569969416
679,0.0003792851639445871,9.000000136438757e-05,0.0038060361985117197,0.001509999972768128
680,0.00024377988302148879,3.9999998989515007e-05,0.003091816557571292,0.0009599999757483602
681,0.0002105374151142314,2.9999999242136255e-05,0.0030178327579051256,0.0011599999852478504
682,0.00020061642862856388,3.9999998989515007e-05,0.0034619378857314587,0.0011399999493733048
683,0.00027681770734488964,7.999999797903001e-05,0.003025354351848364,0.0010600000387057662
684,0.00013644529099110514,9.999999747378752e-06,0.0023533939383924007,0.000750000006519258
685,0.00024933478562161326,7.999999797903001e-05,0.002821831963956356,0.000910000002477318
686,0.00014105223817750812,0.0,0.0036238308530300856,0.0013200000394135714
687,0.00021835012012161314,2.9999999242136255e-05,0.0039457110688090324,0.0012600000482052565
688,0.00042075375677086413,0.00011000000085914508,0.0035556997172534466,0.0013299999991431832
689,0.0002325621753698215,9.000000136438757e-05,0.003670492907986045,0.0012100000167265534
690,0.0003351583727635443,9.000000136438757e-05,0.002795230830088258,0.0008800000068731606
691,0.000330528971971944,0.00011999999696854502,0.0035053861793130636,0.0010300000431016088
692,0.0006642182124778628,0.00016999999934341758,0.003484934102743864,0.0010999999940395355
693,0.0003675027983263135,5.999999848427251e-05,0.001972188474610448,0.000590000010561198
694,0.00016464800864923745,1.9999999494757503e-05,0.0036692912690341473,0.0013699999544769526
695,0.00023017419152893126,5.999999848427251e-05,0.0029597284737974405,0.0010999999940395355
696,0.00033263812656514347,0.00011000000085914508,0.004013128113001585,0.0013299999991431832
697,0.0004374787677079439,0.00015999999595806003,0.0035401652567088604,0.001180000021122396
698,0.0002600724110379815,4.999999873689376e-05,0.00313033745624125,0.0011399999493733048
699,0.000182440024218522,9.999999747378752e-06,0.0031068166717886925,0.0010100000072270632
700,0.00023180581047199667,2.9999999242136255e-05,0.002715121954679489,0.0010000000474974513
701,0.0003296633076388389,7.000000186963007e-05,0.0030563799664378166,0.0011500000255182385
702,0.00045687987585552037,7.000000186963007e-05,0.0035483299288898706,0.0011399999493733048
703,0.0003394717932678759,9.999999747378752e-05,0.0030952286906540394,0.001019999966956675
704,0.00027692687581293285,7.000000186963007e-05,0.002890098374336958,0.0010000000474974513
705,0.000288582406938076,9.000000136438757e-05,0.0033792895264923573,0.0012400000123307109
706,0.0003063947078771889,4.999999873689376e-05,0.002156359376385808,0.0008399999933317304
707,0.0003559277392923832,9.000000136438757e-05,0.004158791154623032,0.0016700000269338489
708,0.00030200209585018456,4.999999873689376e-05,0.002824630821123719,0.0009299999801442027
709,0.00028304499574005604,4.999999873689376e-05,0.003930556587874889,0.0012499999720603228
710,0.00039293646113947034,9.999999747378752e-05,0.0031483033671975136,0.0010900000343099236
711,0.0003321969707030803,0.00011000000085914508,0.00439075892791152,0.0012600000482052565
712,0.00017379388737026602,2.9999999242136255e-05,0.0032485679257661104,0.0009599999757483602
713,0.00021288971765898168,3.9999998989515007e-05,0.0022415732964873314,0.000750000006519258
714,0.0004432589339558035,0.00011999999696854502,0.00278100511059165,0.0010600000387057662
715,0.0002959005068987608,5.999999848427251e-05,0.003466359805315733,0.0012799999676644802
716,0.00019201298709958792,3.9999998989515007e-05,0.0029323906637728214,0.0012199999764561653
717,0.00025752594228833914,4.999999873689376e-05,0.002755903173238039,0.0010100000072270632
718,0.0001973359758267179,2.9999999242136255e-05,0.003153515048325062,0.0012100000167265534
719,0.0003186460235156119,9.000000136438757e-05,0.003265934530645609,0.0011099999537691474
720,0.00019193845218978822,1.9999999494757503e-05,0.0035465476103127003,0.001230000052601099
721,0.00020364150987006724,2.9999999242136255e-05,0.004267862532287836,0.0013500000350177288
722,0.00028042506892234087,9.000000136438757e-05,0.0029591794591397047,0.0010900000343099236
723,0.00011982319847447798,9.999999747378752e-06,0.003366400022059679,0.001069999998435378
724,0.00014571627252735198,9.999999747378752e-06,0.003387965029105544,0.0010999999940395355
725,0.00011649343650788069,9.999999747378752e-06,0.002797167282551527,0.0007699999841861427
726,0.0003978640306740999,0.00011999999696854502,0.0033951010555028915,0.0014600000577047467
727,0.0003841054276563227,0.00011999999696854502,0.0034366208128631115,0.001129999989643693
728,0.0004616820951923728,9.999999747378752e-05,0.0031049868557602167,0.001069999998435378
729,0.0003269599110353738,9.999999747378752e-05,0.0025536424946039915,0.0007699999841861427
730,0.00020972127094864845,2.9999999242136255e-05,0.0032034735195338726,0.0013599999947473407
731,0.00022194863413460553,2.9999999242136255e-05,0.0036725879181176424,0.001180000021122396
732,0.0003968878590967506,0.00018000000272877514,0.003463693195953965,0.00107999995816499
733,0.00034178828354924917,0.00011999999696854502,0.0031693445052951574,0.0012000000569969416
734,0.0004374653799459338,0.00015999999595806003,0.0034011658281087875,0.001230000052601099
735,0.00023315689759328961,4.999999873689376e-05,0.003960934467613697,0.0015200000489130616
736,0.000426195387262851,0.00011999999696854502,0.0035915174521505833,0.0012799999676644802
737,0.00020820825011469424,4.999999873689376e-05,0.0033853810746222734,0.0012199999764561653
738,0.00017003198445308954,4.999999873689376e-05,0.003700760891661048,0.0014299999456852674
739,0.00018420667038299143,3.9999998989515007e-05,0.004146005492657423,0.0013800000306218863
740,0.00016476772725582123,1.9999999494757503e-05,0.00272368430159986,0.0010900000343099236
741,0.0005215097917243838,9.999999747378752e-05,0.0029274222906678915,0.0009699999936856329
742,0.00024497637059539557,7.000000186963007e-05,0.0030817200895398855,0.0009800000116229057
743,0.00020200353174004704,7.000000186963007e-05,0.003667854005470872,0.0012700000079348683
744,0.00021000488777644932,4.999999873689376e-05,0.002675241557881236,0.0009399999980814755
745,0.00018254361930303276,7.000000186963007e-05,0.0033234283328056335,0.0012100000167265534
746,0.0002762537042144686,9.000000136438757e-05,0.003242666134610772,0.0010000000474974513
747,0.0002159048744942993,3.9999998989515007e-05,0.0035260431468486786,0.0011399999493733048
748,0.0001854288566391915,4.999999873689376e-05,0.0030438611283898354,0.0009599999757483602
749,0.00021734698384534568,4.999999873689376e-05,0.002578647341579199,0.000859999970998615
750,0.00020975775260012597,7.000000186963007e-05,0.0040240599773824215,0.001339999958872795
751,0.0003295700007583946,0.00011999999696854502,0.003043187316507101,0.0010100000072270632
752,0.00018800330872181803,9.999999747378752e-06,0.003439843188971281,0.0011599999852478504
753,0.0003181126667186618,7.000000186963007e-05,0.002687160624191165,0.0008999999845400453
754,0.00024353624030482024,2.9999999242136255e-05,0.0025999383069574833,0.0009899999713525176
755,0.0001859071635408327,9.999999747378752e-06,0.0029456219635903835,0.0009800000116229057
756,0.0001964178663911298,1.9999999494757503e-05,0.0034932878334075212,0.0014600000577047467
757,0.00016427568334620446,1.9999999494757503e-05,0.0033719060011208057,0.0011500000255182385
758,0.00031813399982638657,9.999999747378752e-05,0.0029136119410395622,0.0010999999940395355
759,0.00019253426580689847,2.9999999242136255e-05,0.0032443073578178883,0.0010499999625608325
760,0.00017545446462463588,1.9999999494757503e-05,0.003455501515418291,0.001230000052601099
761,0.00023385888198390603,4.999999873689376e-05,0.0040473900735378265,0.0014400000218302011
762,0.00027093899552710354,7.999999797903001e-05,0.0028472901321947575,0.0008900000248104334
763,0.00022241886472329497,4.999999873689376e-05,0.0036009573377668858,0.0012000000569969416
764,0.0003842001606244594,0.00011000000085914508,0.002978086704388261,0.0011399999493733048
765,0.0003489342634566128,0.00011000000085914508,0.003473527729511261,0.0010000000474974513
766,0.00028256484074518085,5.999999848427251e-05,0.0033745053224265575,0.0011699999449774623
767,0.00032113550696522,9.000000136438757e-05,0.0034354350063949823,0.0009599999757483602
768,0.0002811979502439499,7.999999797903001e-05,0.0036215810105204582,0.0012799999676644802
769,0.00020217359997332096,1.9999999494757503e-05,0.003138114232569933,0.0011599999852478504
770,0.0004421765625011176,0.00011999999696854502,0.0033976815175265074,0.0011699999449774623
771,0.00042037307866849005,9.999999747378752e-05,0.002890156116336584,0.0010900000343099236
772,0.0002843655238393694,7.999999797903001e-05,0.0033860711846500635,0.0012400000123307109
773,0.0002977965341415256,5.999999848427251e-05,0.004054348915815353,0.0014100000262260437
774,0.0002359882346354425,5.999999848427251e-05,0.0029918975196778774,0.001120000029914081
775,0.0002247025549877435,3.9999998989515007e-05,0.0030185661744326353,0.0009699999936856329
776,0.00022666421136818826,2.9999999242136255e-05,0.0028390141669660807,0.00107999995816499
777,0.0002290120319230482,7.000000186963007e-05,0.0032710714731365442,0.0010000000474974513
778,0.0001307724742218852,9.999999747378752e-06,0.003465002868324518,0.0010300000431016088
779,0.0003205433313269168,9.000000136438757e-05,0.003407467855140567,0.0011899999808520079
780,0.00018831690249498934,1.9999999494757503e-05,0.0034983849618583918,0.0013599999947473407
781,0.00017898049554787576,3.9999998989515007e-05,0.0035321982577443123,0.00139999995008111
782,0.0003586722887121141,9.999999747378752e-05,0.0036055704113096,0.0013000000035390258
783,0.00022120249923318624,2.9999999242136255e-05,0.0028712842613458633,0.0010000000474974513
784,0.00041916186455637217,0.00011999999696854502,0.003710199147462845,0.0013000000035390258
785,0.00029538836679421365,5.999999848427251e-05,0.003326999954879284,0.001019999966956675
786,0.0002888341841753572,2.9999999242136255e-05,0.0033627208322286606,0.0010400000028312206
787,0.0002443781413603574,4.999999873689376e-05,0.002639858750626445,0.0009599999757483602
788,0.00034459991729818285,9.000000136438757e-05,0.0026262186001986265,0.0009699999936856329
789,0.00028795492835342884,5.999999848427251e-05,0.0037090147379785776,0.0012400000123307109
790,0.0004959895159117877,0.00015999999595806003,0.003374186111614108,0.0011899999808520079
791,0.0004555251798592508,9.999999747378752e-05,0.0032072728499770164,0.0010300000431016088
792,0.00023683131439611316,1.9999999494757503e-05,0.004448773805052042,0.0016299999551847577
793,0.0003230658476240933,0.00011000000085914508,0.00372142787091434,0.0012199999764561653
794,0.00038052917807362974,0.00014000000373926014,0.0033500446006655693,0.0010400000028312206
795,0.00027431128546595573,9.999999747378752e-05,0.002921098144724965,0.0008999999845400453
796,0.00032528358860872686,0.00013000000035390258,0.0030637038871645927,0.0010000000474974513
797,0.0003154702135361731,0.00011000000085914508,0.004293373320251703,0.0013699999544769526
798,0.0003463109605945647,7.000000186963007e-05,0.00384579342789948,0.0012600000482052565
799,0.00015415684902109206,0.0,0.0030981935560703278,0.0011699999449774623
800,0.0002507419849280268,5.999999848427251e-05,0.0027554731350392103,0.0010000000474974513
801,0.0002333503944100812,4.999999873689376e-05,0.003329170634970069,0.0010900000343099236
802,0.000187106998055242,2.9999999242136255e-05,0.0037164087407290936,0.0013500000350177288
803,0.00012929938384331763,1.9999999494757503e-05,0.0025894897989928722,0.0008900000248104334
804,0.00022848506341688335,7.999999797903001e-05,0.0032244594767689705,0.00107999995816499
805,0.0002231438411399722,5.999999848427251e-05,0.004029934294521809,0.0014799999771639705
806,0.000378204946173355,0.00013000000035390258,0.003801418235525489,0.0014400000218302011
807,0.00012223699013702571,0.0,0.0025928730610758066,0.0008800000068731606
808,0.0001643765572225675,1.9999999494757503e-05,0.002565028378739953,0.0008800000068731606
809,0.0002953257644549012,9.999999747378752e-05,0.003534168004989624,0.0011500000255182385
810,0.0002672132395673543,7.999999797903001e-05,0.0034876116551458836,0.0010499999625608325
811,0.00027673193835653365,5.999999848427251e-05,0.002856750041246414,0.0010300000431016088
812,0.0001721216249279678,0.0,0.002985625062137842,0.0009800000116229057
813,0.00021070067305117846,4.999999873689376e-05,0.003965646959841251,0.0012000000569969416
814,0.0002913493663072586,7.000000186963007e-05,0.0027338999789208174,0.0010300000431016088
815,0.00018784895655699074,1.9999999494757503e-05,0.003983682487159967,0.0013899999903514981
816,0.0002691271365620196,7.999999797903001e-05,0.0038632825016975403,0.0013500000350177288
817,0.00019579711079131812,2.9999999242136255e-05,0.003557672956958413,0.0012000000569969416
818,0.0001828269159886986,3.9999998989515007e-05,0.003854538081213832,0.0014400000218302011
819,0.0002121442521456629,7.000000186963007e-05,0.002948095090687275,0.0008500000112690032
820,0.00017776346066966653,3.9999998989515007e-05,0.0031521222554147243,0.0010600000387057662
821,0.0002792015438899398,7.000000186963007e-05,0.003811266738921404,0.001129999989643693
822,0.00020369101548567414,3.9999998989515007e-05,0.004415377043187618,0.0015399999683722854
823,0.00017648976063355803,1.9999999494757503e-05,0.003550911322236061,0.001339999958872795
824,0.00023659583530388772,7.000000186963007e-05,0.003318776609376073,0.0011399999493733048
825,0.00018420546257402748,1.9999999494757503e-05,0.0029074223712086678,0.0010400000028312206
826,0.00015508919022977352,1.9999999494757503e-05,0.0032136980444192886,0.0012499999720603228
827,0.0001652647479204461,0.0,0.003394358092918992,0.0012100000167265534
828,0.0001418684551026672,0.0,0.003714303020387888,0.0013099999632686377
829,0.00022182882821653038,4.999999873689376e-05,0.0031860333401709795,0.0013000000035390258
830,0.00026802188949659467,7.000000186963007e-05,0.0034008314833045006,0.001129999989643693
831,0.00029665802139788866,7.999999797903001e-05,0.0033840611577033997,0.0011399999493733048
832,0.00031028047669678926,4.999999873689376e-05,0.003260736120864749,0.001120000029914081
833,0.0005499126273207366,0.0001500000071246177,0.0038763009943068027,0.0014600000577047467
834,0.0002402849931968376,2.9999999242136255e-05,0.003071532119065523,0.0012400000123307109
835,0.00022751744836568832,1.9999999494757503e-05,0.0033735691104084253,0.001069999998435378
836,0.00019456414156593382,3.9999998989515007e-05,0.002545926719903946,0.0009399999980814755
837,0.0001629558828426525,2.9999999242136255e-05,0.002701783087104559,0.0010000000474974513
838,0.00018777315563056618,1.9999999494757503e-05,0.0019970526918768883,0.000699999975040555
839,0.00034494561259634793,9.000000136438757e-05,0.0029174070805311203,0.0010900000343099236
840,0.00019152603636030108,4.999999873689376e-05,0.003682801267132163,0.0012799999676644802
841,0.00021202320931479335,1.9999999494757503e-05,0.0041739861480891705,0.0013299999991431832
842,0.00031077925814315677,0.00011000000085914508,0.0025696931406855583,0.0009200000204145908
843,0.0002523455477785319,4.999999873689376e-05,0.0037242923863232136,0.0012799999676644802
844,0.0002032131887972355,4.999999873689376e-05,0.003138807835057378,0.00107999995816499
845,0.00042797060450538993,0.00011000000085914508,0.003147953422740102,0.0011500000255182385
846,0.00046123770880512893,0.00018000000272877514,0.0027027542237192392,0.0009500000160187483
847,0.00031648713047616184,9.999999747378752e-05,0.0028534589800983667,0.0009500000160187483
848,0.00021191332780290395,5.999999848427251e-05,0.003612854517996311,0.001120000029914081
849,0.00026934308698400855,4.999999873689376e-05,0.0037448848597705364,0.0013099999632686377
850,0.0003856765106320381,0.00011999999696854502,0.0028892913833260536,0.0009200000204145908
851,0.0004273949598427862,0.00011999999696854502,0.0026929837185889482,0.0008900000248104334
852,0.0003476916754152626,9.999999747378752e-05,0.003113582031801343,0.0010400000028312206
853,0.00025260873371735215,3.9999998989515007e-05,0.0035539327654987574,0.00107999995816499
854,0.0003745434805750847,0.00011999999696854502,0.0032768063247203827,0.0010300000431016088
855,0.00032564892899245024,9.000000136438757e-05,0.003050590632483363,0.0011599999852478504
856,0.00025607558200135827,9.999999747378752e-05,0.0032949415035545826,0.001120000029914081
857,0.00025145517429336905,5.999999848427251e-05,0.003920545801520348,0.0014299999456852674
858,0.00020361549104563892,7.000000186963007e-05,0.0036055250093340874,0.0013000000035390258
859,0.00025957432808354497,7.000000186963007e-05,0.003257802687585354,0.0012400000123307109
860,0.00019838535808958113,4.999999873689376e-05,0.0024258096236735582,0.0008399999933317304
861,0.00015188028919510543,0.0,0.0030163258779793978,0.0009699999936856329
862,0.0002429022133583203,7.000000186963007e-05,0.0027743526734411716,0.0009200000204145908
863,0.0001793453993741423,1.9999999494757503e-05,0.003003884106874466,0.0010000000474974513
864,0.00019347888883203268,1.9999999494757503e-05,0.0026802101638168097,0.001019999966956675
865,0.0004287211922928691,0.00015999999595806003,0.0026209752541035414,0.0008500000112690032
866,0.00021769032173324376,7.000000186963007e-05,0.003340060357004404,0.001129999989643693
867,0.00029162748251110315,9.000000136438757e-05,0.003989363554865122,0.00139999995008111
868,0.000267848779913038,9.000000136438757e-05,0.003129571210592985,0.001129999989643693
869,0.0003622138174250722,9.999999747378752e-05,0.004192400258034468,0.001500000013038516
870,0.00026762898778542876,9.000000136438757e-05,0.0028727767057716846,0.0009899999713525176
871,0.0001722626038827002,1.9999999494757503e-05,0.0030170781537890434,0.0011599999852478504
872,0.00042365887202322483,0.00011000000085914508,0.0037740960251539946,0.0012100000167265534
873,0.00020374482846818864,3.9999998989515007e-05,0.003291746834293008,0.0010900000343099236
874,0.0002995787071995437,5.999999848427251e-05,0.002792872954159975,0.0008699999889358878
875,0.0001772185933077708,4.999999873689376e-05,0.003930612467229366,0.00107999995816499
876,0.00026712080580182374,7.999999797903001e-05,0.0032623081933707,0.001120000029914081
877,0.00018130376702174544,9.999999747378752e-06,0.0038395202718675137,0.0014199999859556556
878,0.00037186735426075757,0.00013000000035390258,0.0035326965153217316,0.0011699999449774623
879,0.0001449406991014257,0.0,0.0033776459749788046,0.0011599999852478504
880,0.0001675827516010031,9.999999747378752e-06,0.0036280378699302673,0.0012499999720603228
881,0.00017752201529219747,1.9999999494757503e-05,0.003773714415729046,0.0012000000569969416
882,0.0003287109429948032,9.000000136438757e-05,0.0037326395977288485,0.0011500000255182385
883,0.0003073379921261221,9.000000136438757e-05,0.0033896572422236204,0.00107999995816499
884,0.0002230092213721946,2.9999999242136255e-05,0.0033511058427393436,0.001230000052601099
885,0.00016529601998627186,0.0,0.003273323643952608,0.0013200000394135714
886,0.0005086050950922072,0.00011000000085914508,0.003636386012658477,0.0011500000255182385
887,0.0002456001238897443,4.999999873689376e-05,0.003191000549122691,0.0009299999801442027
888,0.0005817034398205578,9.999999747378752e-05,0.003191980067640543,0.0010600000387057662
889,0.0006434756214730442,0.00016999999934341758,0.0032583901192992926,0.001120000029914081
890,0.00019139458891004324,1.9999999494757503e-05,0.003045738907530904,0.0010100000072270632
891,0.0002680618781596422,7.999999797903001e-05,0.003160433378070593,0.00107999995816499
892,0.0003019572759512812,5.999999848427251e-05,0.0037242157850414515,0.0013099999632686377
893,0.00029517567600123584,9.000000136438757e-05,0.0037284160498529673,0.0013299999991431832
894,0.00019365214393474162,3.9999998989515007e-05,0.0030875292140990496,0.0010300000431016088
895,0.0001601889234734699,9.999999747378752e-06,0.002699908334761858,0.0009399999980814755
896,0.00028765236493200064,7.000000186963007e-05,0.002425189595669508,0.0009200000204145908
897,0.0003148937539663166,7.999999797903001e-05,0.0026283084880560637,0.0009899999713525176
898,0.00010966956324409693,0.0,0.004038263112306595,0.001339999958872795
899,0.00013105357356835157,9.999999747378752e-06,0.002836983185261488,0.0010300000431016088
900,0.00025264767464250326,5.999999848427251e-05,0.0037927632220089436,0.0011099999537691474
901,0.0003394481900613755,7.000000186963007e-05,0.004181831143796444,0.0013800000306218863
902,0.00024113996187224984,5.999999848427251e-05,0.0034595695324242115,0.001230000052601099
903,0.00019472363055683672,3.9999998989515007e-05,0.0029298702720552683,0.001069999998435378
904,0.00020534655777737498,3.9999998989515007e-05,0.002956030424684286,0.001120000029914081
905,0.00020861299708485603,7.000000186963007e-05,0.003148391144350171,0.0011599999852478504
906,0.0001953356113517657,3.9999998989515007e-05,0.0027452856302261353,0.0008900000248104334
907,0.00018526965868659317,1.9999999494757503e-05,0.0030642009805887938,0.0009299999801442027
908,0.00040088442619889975,0.00013000000035390258,0.0029777344316244125,0.0009800000116229057
909,0.00018476542027201504,3.9999998989515007e-05,0.003485865890979767,0.001069999998435378
910,0.00028099905466660857,5.999999848427251e-05,0.00372304511256516,0.0013599999947473407
911,0.00045730191050097346,0.00011999999696854502,0.003227794310078025,0.0012000000569969416
912,0.00022311999055091292,3.9999998989515007e-05,0.004321279935538769,0.001550000044517219
913,0.00027710708673112094,5.999999848427251e-05,0.003017523093149066,0.001120000029914081
914,0.00015488539065700024,2.9999999242136255e-05,0.0035144982393831015,0.0012400000123307109
915,0.00020372553262859583,4.999999873689376e-05,0.002794223139062524,0.0009899999713525176
916,0.00037684556446038187,7.000000186963007e-05,0.0032768212258815765,0.001180000021122396
917,0.00024237313482444733,2.9999999242136255e-05,0.003370388876646757,0.00107999995816499
918,0.0002816773485392332,3.9999998989515007e-05,0.003122708760201931,0.0009899999713525176
919,0.00027438445249572396,9.000000136438757e-05,0.0025563673116266727,0.0007699999841861427
920,0.00021017015387769789,5.999999848427251e-05,0.0032798803877085447,0.0011500000255182385
921,0.0003204710374120623,7.999999797903001e-05,0.0036784489639103413,0.0012499999720603228
922,0.00021417520474642515,2.9999999242136255e-05,0.0027822069823741913,0.0007699999841861427
923,0.0002540396817494184,5.999999848427251e-05,0.0031868373043835163,0.0011099999537691474
924,0.0003253101313021034,7.000000186963007e-05,0.00252604391425848,0.0007200000109151006
925,0.00016272484208457172,1.9999999494757503e-05,0.003776954486966133,0.0013500000350177288
926,0.00020198634592816234,2.9999999242136255e-05,0.002990653272718191,0.0010499999625608325
927,0.00029083751724101603,9.000000136438757e-05,0.003298697993159294,0.0011899999808520079
928,0.00018745769921224564,1.9999999494757503e-05,0.003748295595869422,0.0013599999947473407
929,0.0002348890993744135,4.999999873689376e-05,0.0036151278764009476,0.0014100000262260437
930,0.00019761141447816044,1.9999999494757503e-05,0.0031418122816830873,0.0011500000255182385
931,0.00022072294086683542,5.999999848427251e-05,0.003699168562889099,0.0011099999537691474
932,0.00022728675685357302,7.000000186963007e-05,0.0025127767585217953,0.0008800000068731606
933,0.0003708320436999202,0.00013000000035390258,0.0029869312420487404,0.0008399999933317304
934,0.0001600680552655831,0.0,0.003342754440382123,0.0012199999764561653
935,0.00021513945830520242,4.999999873689376e-05,0.00283920019865036,0.0009200000204145908
936,0.00016704104200471193,2.9999999242136255e-05,0.00316131510771811,0.0010100000072270632
937,0.00031596916960552335,0.00011000000085914508,0.002891281619668007,0.0009399999980814755
938,0.0001465587702114135,9.999999747378752e-06,0.002776698675006628,0.0008800000068731606
939,0.00023352602147497237,5.999999848427251e-05,0.0032633240334689617,0.0010000000474974513
940,0.0001835627481341362,1.9999999494757503e-05,0.0036090174689888954,0.001290000043809414
941,0.0001932576997205615,1.9999999494757503e-05,0.0034721768461167812,0.001069999998435378
942,0.00019355813856236637,5.999999848427251e-05,0.0028888355009257793,0.0010600000387057662
943,0.00016282359138131142,3.9999998989515007e-05,0.003968548960983753,0.0012400000123307109
944,0.0001710294745862484,1.9999999494757503e-05,0.0025622027460485697,0.0009299999801442027
945,0.00019285832240711898,4.999999873689376e-05,0.0028107224497944117,0.0008999999845400453
946,0.00013975042384117842,0.0,0.0028170181903988123,0.0009200000204145908
947,0.000172004263731651,1.9999999494757503e-05,0.003274346934631467,0.001180000021122396
948,0.0003256075724493712,5.999999848427251e-05,0.003397991880774498,0.0013500000350177288
949,0.0003448008210398257,7.000000186963007e-05,0.0029205158352851868,0.0010499999625608325
950,0.0001265074679395184,0.0,0.0035666802432388067,0.0010900000343099236
951,0.0002369290596107021,3.9999998989515007e-05,0.0038425447419285774,0.0012100000167265534
952,0.0002564010501373559,3.9999998989515007e-05,0.0027511061634868383,0.0008399999933317304
953,0.0002616790006868541,3.9999998989515007e-05,0.0026153235230594873,0.0009399999980814755
954,0.0002526327734813094,4.999999873689376e-05,0.003331307554617524,0.0009599999757483602
955,0.00026606538449414074,1.9999999494757503e-05,0.0038062348030507565,0.0013699999544769526
956,0.0002279016189277172,5.999999848427251e-05,0.0025658581871539354,0.0009399999980814755
957,0.0003303556004539132,0.00011000000085914508,0.0029535130597651005,0.00107999995816499
958,0.00031574899912811816,4.999999873689376e-05,0.002692373236641288,0.0009599999757483602
959,0.00017760301125235856,2.9999999242136255e-05,0.0032221602741628885,0.0009599999757483602
960,0.0002275244623888284,4.999999873689376e-05,0.003426686394959688,0.0010300000431016088
961,0.00038989423774182796,0.00011000000085914508,0.003542115446180105,0.0012000000569969416
962,0.00021644470689352602,1.9999999494757503e-05,0.0029917715582996607,0.000910000002477318
963,0.0003880653821397573,9.000000136438757e-05,0.0026356277521699667,0.0009399999980814755
964,0.00035611336352303624,0.00011000000085914508,0.004319971892982721,0.001290000043809414
965,0.0001668486511334777,1.9999999494757503e-05,0.002818616572767496,0.0009899999713525176
966,0.0001882887736428529,2.9999999242136255e-05,0.002762971678748727,0.0009800000116229057
967,0.00017929932801052928,1.9999999494757503e-05,0.0031158910132944584,0.0010600000387057662
968,0.0002666770596988499,0.00011000000085914508,0.003818630240857601,0.0013099999632686377
969,0.000441421871073544,0.00011000000085914508,0.003282751189544797,0.0011599999852478504
970,0.00030010612681508064,9.999999747378752e-05,0.0027845012955367565,0.0009699999936856329
971,0.00035853160079568624,7.999999797903001e-05,0.0031943414360284805,0.0011699999449774623
972,0.0003251206362619996,7.000000186963007e-05,0.003027384402230382,0.0010400000028312206
973,0.00032183481380343437,9.000000136438757e-05,0.003561729099601507,0.0011500000255182385
974,0.00013954995665699244,0.0,0.0033083695452660322,0.0010600000387057662
975,0.00023462148965336382,7.999999797903001e-05,0.002999949036166072,0.0009599999757483602
976,0.0005124990711919963,0.00022000000171829015,0.002828305820003152,0.0010100000072270632
977,0.00021487934282049537,7.000000186963007e-05,0.0035726106725633144,0.001339999958872795
978,0.0003310543834231794,9.000000136438757e-05,0.0026490583550184965,0.0010000000474974513
979,0.00025143459788523614,9.000000136438757e-05,0.004376770928502083,0.0014299999456852674
980,0.00021002546418458223,3.9999998989515007e-05,0.002944002626463771,0.0010600000387057662
981,0.00019247551972512156,5.999999848427251e-05,0.002927156863734126,0.001069999998435378
982,0.000385359424399212,0.00011000000085914508,0.003586327889934182,0.0012700000079348683
983,0.00021513151295948774,5.999999848427251e-05,0.0033421271946281195,0.0010000000474974513
984,0.00019560128566808999,2.9999999242136255e-05,0.0037886116188019514,0.0013000000035390258
985,0.0002695863076951355,4.999999873689376e-05,0.003196306759491563,0.0010100000072270632
986,0.000352294446201995,7.000000186963007e-05,0.003024943172931671,0.001120000029914081
987,0.0005001525278203189,0.00013000000035390258,0.00327700050547719,0.0010900000343099236
988,0.00026736684958450496,7.000000186963007e-05,0.0035239942371845245,0.0013200000394135714
989,0.00030866701854392886,9.999999747378752e-05,0.0030324868857860565,0.0009500000160187483
990,0.00027306153788231313,7.999999797903001e-05,0.003243367886170745,0.001069999998435378
991,0.00022872741101309657,7.000000186963007e-05,0.0035172649659216404,0.0012100000167265534
992,0.0003729972813744098,0.00013000000035390258,0.0038570307660847902,0.001339999958872795
993,0.00014616706175729632,1.9999999494757503e-05,0.0031961838249117136,0.0009599999757483602
994,0.00014848963473923504,1.9999999494757503e-05,0.002683242317289114,0.0008399999933317304
995,0.000291266682324931,0.00011999999696854502,0.0024375244975090027,0.0009200000204145908
996,0.00017004460096359253,1.9999999494757503e-05,0.003170235548168421,0.0011399999493733048
997,0.0003246287233196199,9.999999747378752e-05,0.0036038432735949755,0.0012700000079348683
998,0.00035805522929877043,0.00011999999696854502,0.003289502579718828,0.001180000021122396
999,0.00027845092699863017,9.000000136438757e-05,0.003222239203751087,0.001019999966956675
1000,0.0002703016216401011,7.000000186963007e-05,0.0033522576559334993,0.0012199999764561653
